1609545600,29297.3,29413.33,29413.29,29308.84,55.33277966
1609545300,29388.36,29412.84,29388.37,29412.84,30.65835919
1609545000,29363.1,29399.99,29363.8,29388.37,49.60715032
1609544700,29344.14,29376.48,29367.89,29363.8,77.02022798
1609544400,29361.82,29405.0,29405.0,29367.88,49.05864703
1609544100,29391.97,29417.95,29406.0,29405.0,36.54661543
1609543800,29359.03,29406.0,29370.25,29405.99,32.57983173
1609543500,29350.0,29374.37,29359.79,29369.99,36.7147599
1609543200,29350.01,29396.81,29378.13,29359.79,42.29489526
1609542900,29318.24,29378.13,29339.01,29378.13,51.79471679
1609542600,29336.45,29375.94,29365.01,29338.79,33.3840405
1609542300,29363.22,29390.05,29383.88,29365.01,28.82622018
1609542000,29338.84,29384.19,29354.92,29383.89,28.85059279
1609541700,29335.4,29383.59,29378.02,29354.92,42.17529305
1609541400,29345.53,29398.51,29366.68,29378.02,43.20992378
1609541100,29334.61,29391.73,29391.73,29366.69,43.21170062
1609540800,29374.2,29409.0,29381.49,29391.79,60.14359809
1609540500,29332.72,29399.0,29395.0,29381.49,56.40819606
1609540200,29356.08,29395.0,29362.06,29394.99,48.68124113
1609539900,29360.0,29387.0,29366.59,29361.53,50.21730192
1609539600,29324.72,29375.0,29350.0,29366.59,50.47615434
1609539300,29327.54,29350.0,29327.55,29350.0,29.31954972
1609539000,29279.99,29330.61,29280.0,29327.54,24.71202726
1609538700,29263.71,29280.0,29279.27,29280.0,27.0460452
1609538400,29192.85,29279.83,29244.43,29279.83,41.51138859
1609538100,29208.18,29300.0,29286.74,29253.63,71.29634382
1609537800,29258.58,29296.45,29258.58,29286.74,49.17500821
1609537500,29232.65,29313.71,29313.71,29258.58,59.73028771
1609537200,29304.04,29350.0,29337.58,29313.75,30.47689153
1609536900,29333.0,29375.0,29344.76,29340.73,26.23925854
1609536600,29310.99,29350.0,29320.07,29346.51,35.88540308
1609536300,29303.18,29325.2,29324.68,29320.08,30.14859658
1609536000,29280.68,29325.09,29297.91,29323.23,39.43770375
1609535700,29250.54,29298.0,29282.02,29297.99,76.97849396
1609535400,29268.44,29322.22,29320.56,29282.02,67.79059397
1609535100,29286.6,29327.36,29294.26,29320.56,72.27983418
1609534800,29279.38,29317.15,29289.62,29293.97,63.36250674
1609534500,29275.9,29342.61,29336.25,29295.98,76.92257261
1609534200,29298.77,29368.83,29304.44,29336.97,91.23327655
1609533900,29241.7,29307.88,29259.68,29304.44,53.74101708
1609533600,29258.6,29304.35,29284.15,29267.87,43.87910256
1609533300,29245.81,29284.16,29278.89,29284.15,36.37161955
1609533000,29244.1,29311.46,29303.16,29278.89,47.07588933
1609532700,29280.18,29326.01,29315.0,29304.7,68.86897738
1609532400,29264.38,29315.0,29285.52,29315.0,56.47127215
1609532100,29227.1,29325.0,29246.86,29285.52,72.0195962
1609531800,29187.52,29246.86,29205.45,29246.52,73.85083661
1609531500,29156.39,29224.33,29178.48,29205.66,107.18202733
1609531200,28958.0,29179.25,29116.93,29179.25,151.81095508
1609530900,29085.2,29154.12,29150.01,29116.99,61.08705222
1609530600,29133.99,29177.91,29173.27,29150.01,53.77614765
1609530300,29153.37,29200.0,29176.22,29168.85,56.00281443
1609530000,29149.06,29191.49,29160.07,29174.77,58.75903685
1609529700,29116.62,29168.61,29159.78,29160.11,67.963381
1609529400,29110.0,29178.48,29135.0,29159.78,65.07184094
1609529100,29124.03,29179.2,29157.92,29135.95,77.53706564
1609528800,29133.54,29191.89,29178.35,29156.18,77.7832707
1609528500,29059.27,29200.0,29092.79,29179.97,80.64607031
1609528200,29027.5,29127.83,29103.57,29092.8,66.89510568
1609527900,29031.73,29129.48,29035.57,29103.03,61.75949015
1609527600,29030.01,29146.18,29145.76,29036.05,88.41258772
1609527300,29060.6,29157.94,29094.56,29145.76,91.40302384
1609527000,28962.44,29158.87,28984.32,29097.63,163.88578939
1609526700,28700.0,28991.38,28954.72,28984.32,423.82697915
1609526400,28927.3,29074.52,29035.34,28959.42,162.72527621
1609526100,29029.08,29146.51,29145.62,29036.25,76.51743037
1609525800,29032.21,29165.0,29094.42,29146.86,95.62873823
1609525500,29000.0,29179.94,29166.43,29094.42,218.75085844
1609525200,29137.66,29281.93,29281.92,29166.43,82.24019852
1609524900,29266.01,29321.99,29301.84,29281.92,58.21795717
1609524600,29280.0,29319.02,29299.99,29301.84,81.83219818
1609524300,29280.09,29334.83,29320.0,29299.99,62.19878611
1609524000,29069.26,29341.36,29161.39,29320.0,148.49977423
1609523700,29125.55,29209.99,29196.5,29161.43,75.23360719
1609523400,29145.01,29219.9,29157.98,29196.51,127.11266577
1609523100,29016.69,29250.79,29245.94,29156.38,232.02680681
1609522800,29204.0,29270.62,29229.95,29248.1,91.49808827
1609522500,29226.2,29317.6,29283.43,29229.95,83.73316525
1609522200,29282.94,29364.36,29363.98,29288.95,95.70271777
1609521900,29313.04,29367.32,29343.75,29364.36,64.99474068
1609521600,29337.0,29413.79,29381.83,29342.78,75.06281902
1609521300,29380.0,29418.57,29390.22,29380.01,73.26489734
1609521000,29357.09,29399.44,29365.02,29390.22,50.43370264
1609520700,29360.96,29402.75,29387.0,29365.49,64.14157053
1609520400,29339.01,29387.0,29382.22,29387.0,50.58887315
1609520100,29362.41,29408.98,29408.98,29382.22,52.22252128
1609519800,29380.42,29436.72,29391.97,29408.98,40.63957793
1609519500,29375.0,29426.78,29375.0,29394.85,68.16055475
1609519200,29353.81,29387.7,29371.49,29375.12,94.82383123
1609518900,29354.84,29395.38,29379.77,29371.49,57.51455275
1609518600,29333.98,29380.42,29358.39,29375.04,57.23086802
1609518300,29350.0,29422.7,29357.46,29360.7,105.61746745
1609518000,29326.53,29374.87,29334.01,29357.56,62.10996965
1609517700,29291.0,29348.99,29295.82,29332.5,51.52640372
1609517400,29283.53,29317.19,29299.99,29295.48,68.10733513
1609517100,29208.89,29300.0,29212.37,29299.93,52.5551795
1609516800,29200.0,29330.76,29260.78,29220.79,97.64808316
1609516500,29221.64,29281.9,29281.89,29262.05,55.06573116
1609516200,29260.0,29311.0,29281.09,29275.84,74.06003927
1609515900,29197.37,29290.89,29204.22,29281.14,75.87731218
1609515600,29100.0,29237.29,29131.67,29199.21,91.58859734
1609515300,29119.27,29313.82,29313.81,29131.68,139.26750519
1609515000,29274.99,29365.1,29365.1,29308.93,82.7463639
1609514700,29305.0,29392.51,29377.67,29365.1,66.51240848
1609514400,29368.41,29444.2,29443.69,29377.68,64.20763945
1609514100,29413.63,29444.2,29437.0,29444.18,39.02718428
1609513800,29411.79,29475.83,29411.79,29435.79,77.97270748
1609513500,29345.92,29421.33,29348.67,29411.79,63.64641693
1609513200,29330.72,29406.18,29404.78,29346.27,98.3292378
1609512900,29370.41,29415.0,29388.62,29404.92,85.14286313
1609512600,29353.55,29458.64,29458.64,29388.62,52.96796993
1609512300,29411.17,29491.0,29483.49,29454.98,74.15404022
1609512000,29472.57,29502.08,29480.0,29480.37,72.14930784
1609511700,29446.13,29497.94,29446.14,29480.01,57.9778442
1609511400,29368.55,29529.59,29519.87,29446.14,85.77791271
1609511100,29502.61,29540.39,29514.69,29519.87,47.81381163
1609510800,29507.93,29555.0,29525.86,29514.69,45.66186032
1609510500,29477.1,29545.67,29545.67,29523.04,60.07900128
1609510200,29495.04,29574.42,29535.91,29544.41,55.11256556
1609509900,29523.5,29634.83,29528.19,29534.2,67.22645089
1609509600,29432.44,29565.9,29545.15,29528.91,95.12126369
1609509300,29510.84,29558.7,29533.78,29545.15,35.87363275
1609509000,29508.84,29555.23,29529.61,29533.77,55.29328429
1609508700,29478.77,29552.23,29479.01,29527.02,51.51500278
1609508400,29451.81,29503.98,29488.88,29478.46,44.24555511
1609508100,29438.7,29492.57,29475.69,29488.89,47.8909581
1609507800,29460.45,29502.86,29471.78,29473.7,52.09770524
1609507500,29402.64,29475.78,29423.89,29472.13,47.32884334
1609507200,29383.23,29454.98,29431.28,29423.89,65.70760851
1609506900,29423.35,29500.87,29466.19,29432.88,55.46401812
1609506600,29391.65,29465.19,29414.51,29465.18,42.65724346
1609506300,29369.49,29425.85,29383.93,29414.51,59.81389632
1609506000,29300.0,29415.93,29314.93,29383.48,107.16595238
1609505700,29261.94,29355.69,29261.94,29317.09,143.83685857
1609505400,29226.42,29520.07,29520.06,29260.2,140.2454268
1609505100,29514.32,29587.34,29587.34,29520.06,64.63996072
1609504800,29507.06,29659.48,29643.2,29588.93,101.73838618
1609504500,29601.21,29688.88,29609.39,29641.19,121.00888537
1609504200,29518.52,29656.14,29518.52,29609.4,221.95042651
1609503900,29461.73,29527.0,29494.92,29518.52,86.05927122
1609503600,29413.81,29495.0,29413.81,29494.91,64.23684615
1609503300,29322.46,29417.13,29346.02,29412.53,28.0406388
1609503000,29301.24,29360.35,29301.24,29346.47,37.48180327
1609502700,29264.84,29332.04,29332.04,29301.24,66.21311969
1609502400,29322.43,29402.08,29391.05,29332.05,36.95382373
1609502100,29347.07,29396.05,29347.09,29391.06,19.19727923
1609501800,29337.79,29383.69,29364.37,29345.2,26.23398029
1609501500,29322.17,29370.22,29361.64,29360.38,25.97065301
1609501200,29343.03,29404.01,29378.22,29364.5,28.163965
1609500900,29338.28,29396.66,29385.63,29377.56,52.79870898
1609500600,29383.91,29490.0,29448.2,29384.03,59.26514555
1609500300,29391.16,29457.52,29421.99,29448.21,46.72069191
1609500000,29393.96,29452.4,29393.96,29417.05,30.42932852
1609499700,29344.67,29399.43,29377.47,29393.97,28.06253222
1609499400,29369.36,29407.5,29389.9,29377.46,45.39194502
1609499100,29332.72,29418.65,29332.72,29389.87,59.56668734
1609498800,29301.48,29385.26,29307.17,29336.55,30.01975862
1609498500,29293.7,29350.72,29343.5,29314.62,28.11382498
1609498200,29339.25,29382.93,29349.2,29343.5,30.95339304
1609497900,29312.01,29382.59,29351.43,29349.2,37.04444082
1609497600,29348.65,29394.0,29360.59,29351.42,25.92591643
1609497300,29308.4,29371.66,29308.4,29360.59,21.46738867
1609497000,29290.51,29327.2,29303.62,29308.4,17.8128002
1609496700,29305.72,29380.79,29310.11,29305.72,40.01403708
1609496400,29304.95,29370.12,29370.12,29310.1,48.9929563
1609496100,29342.42,29419.83,29353.85,29370.12,60.66165105
1609495800,29308.97,29385.48,29308.97,29355.59,60.00007951
1609495500,29233.49,29321.0,29309.63,29308.98,41.34520753
1609495200,29257.42,29316.99,29280.43,29309.63,41.41353494
1609494900,29266.29,29305.41,29280.46,29280.43,46.20777423
1609494600,29278.55,29330.26,29330.26,29280.46,22.06232352
1609494300,29301.24,29356.43,29301.24,29330.25,23.6667389
1609494000,29300.31,29355.21,29339.82,29301.25,41.02555514
1609493700,29334.39,29386.28,29342.1,29339.81,39.77650035
1609493400,29256.58,29350.0,29262.18,29342.11,45.98060952
1609493100,29235.0,29315.72,29236.38,29262.15,45.452154
1609492800,29197.94,29242.01,29198.74,29236.37,39.98213206
1609492500,29167.58,29224.55,29201.66,29198.74,42.96008547
1609492200,29123.15,29221.59,29154.44,29201.66,68.34585677
1609491900,29137.12,29184.2,29159.99,29154.44,42.15891352
1609491600,29039.15,29160.0,29071.63,29159.99,59.50440193
1609491300,29074.87,29140.97,29103.72,29074.87,68.98504747
1609491000,29075.07,29122.68,29075.08,29104.49,49.50514465
1609490700,29000.0,29100.0,29050.49,29075.08,63.38792021
1609490400,29032.63,29160.0,29153.14,29053.32,53.02572805
1609490100,29117.75,29170.6,29170.6,29150.75,44.92150295
1609489800,29102.67,29189.22,29102.68,29170.6,55.76674288
1609489500,29023.43,29113.66,29062.76,29102.68,41.77071986
1609489200,28939.35,29062.77,28992.03,29054.6,89.90791873
1609488900,28928.16,29075.44,29072.19,28992.07,116.87758545
1609488600,29045.22,29135.65,29113.38,29076.14,72.47870825
1609488300,29094.26,29181.3,29181.29,29113.39,80.72857792
1609488000,29166.4,29246.63,29166.41,29181.18,112.93694896
1609487700,29160.34,29166.43,29162.03,29166.41,21.91148911
1609487400,29137.13,29169.3,29137.14,29162.03,55.81806841
1609487100,29135.21,29171.58,29162.12,29137.13,72.98664546
1609486800,29143.68,29174.97,29143.83,29160.17,85.82973977
1609486500,29111.94,29143.84,29114.96,29143.84,60.03118661
1609486200,29060.76,29115.29,29082.06,29114.96,36.58975264
1609485900,29054.35,29097.66,29071.03,29082.06,54.93702333
1609485600,29032.52,29071.03,29052.52,29071.02,98.06821361
1609485300,28974.06,29079.09,28985.67,29052.33,220.84627279
1609485000,28900.0,29070.47,29070.37,28985.67,287.01738905
1609484700,29009.0,29223.84,29223.83,29070.38,164.9234662
1609484400,29208.09,29234.87,29233.93,29223.84,110.93811017
1609484100,29166.73,29233.94,29166.73,29233.94,104.42289024
1609483800,29159.43,29227.89,29223.09,29170.74,104.67147609
1609483500,29217.72,29250.07,29246.4,29223.08,81.8246914
1609483200,29193.43,29248.37,29215.8,29246.4,128.20587966
1609482900,29205.62,29235.26,29210.04,29215.8,61.46210128
1609482600,29158.94,29213.3,29158.94,29210.04,100.07627616
1609482300,29158.93,29232.87,29218.76,29158.93,69.64117422
1609482000,29217.51,29261.58,29217.73,29223.14,72.62943883
1609481700,29216.29,29300.0,29274.22,29217.73,48.89996996
1609481400,29272.56,29308.27,29276.48,29275.11,60.66392032
1609481100,29276.48,29320.04,29307.16,29276.48,67.00752414
1609480800,29240.78,29307.16,29246.06,29307.16,77.50497028
1609480500,29209.15,29253.75,29209.16,29240.79,58.99780585
1609480200,29206.24,29273.59,29260.04,29209.16,68.09779189
1609479900,29229.99,29274.17,29240.16,29260.06,71.71888721
1609479600,29213.31,29268.01,29258.51,29240.21,73.04892318
1609479300,29176.41,29270.69,29204.0,29258.51,64.17737875
1609479000,29200.0,29251.58,29224.97,29204.0,61.54411743
1609478700,29212.94,29250.0,29218.97,29224.97,80.82189442
1609478400,29208.26,29224.88,29215.0,29223.09,65.31892115
1609478100,29174.99,29233.35,29174.99,29215.0,73.80360438
1609477800,29156.63,29200.0,29164.31,29175.0,72.11907511
1609477500,29148.6,29237.05,29229.57,29169.17,91.42179779
1609477200,29200.0,29305.32,29287.95,29229.56,79.76238527
1609476900,29270.0,29305.34,29289.99,29290.52,66.62332447
1609476600,29272.31,29299.75,29272.32,29289.99,47.25792538
1609476300,29242.68,29297.1,29242.69,29273.49,63.81129887
1609476000,29133.53,29279.26,29277.41,29246.82,104.26497863
1609475700,29271.37,29354.48,29329.72,29271.38,106.49729201
1609475400,29312.59,29458.83,29421.01,29332.39,120.39823953
1609475100,29421.0,29462.81,29440.25,29421.01,71.53634237
1609474800,29404.71,29453.5,29442.36,29440.25,82.27452117
1609474500,29367.55,29465.0,29367.55,29442.35,58.90550085
1609474200,29357.9,29414.66,29382.14,29367.55,73.20738227
1609473900,29356.08,29400.0,29373.29,29382.14,45.39090171
1609473600,29356.06,29419.01,29358.3,29374.66,88.43879237
1609473300,29354.88,29395.71,29388.43,29358.3,45.6915676
1609473000,29316.59,29391.61,29346.03,29388.43,33.09079863
1609472700,29318.42,29377.69,29344.62,29346.02,47.26956831
1609472400,29312.06,29417.61,29314.27,29344.54,67.78169158
1609472100,29286.9,29346.58,29290.73,29314.27,43.75917997
1609471800,29254.64,29330.37,29275.8,29285.99,54.50551964
1609471500,29225.76,29338.79,29309.49,29275.8,70.66684562
1609471200,29270.0,29333.51,29313.16,29309.5,55.7395366
1609470900,29306.47,29371.23,29338.83,29313.46,47.96822782
1609470600,29335.7,29358.16,29335.7,29338.84,40.27907225
1609470300,29288.17,29339.14,29307.38,29338.69,67.89561906
1609470000,29249.04,29312.9,29249.05,29307.38,54.31662533
1609469700,29220.22,29280.15,29258.17,29249.05,77.55344778
1609469400,29258.17,29391.37,29391.37,29258.17,52.17070253
1609469100,29325.22,29398.91,29325.22,29391.65,53.75040891
1609468800,29162.21,29342.87,29292.27,29332.06,101.0628443
1609468500,29290.64,29324.95,29292.0,29299.0,50.89007407
1609468200,29271.35,29376.7,29376.68,29290.64,108.14050876
1609467900,29357.91,29440.81,29440.81,29376.68,72.32267123
1609467600,29390.99,29463.38,29414.88,29437.92,152.18597667
1609467300,29343.32,29425.99,29350.68,29414.88,90.64429621
1609467000,29302.71,29463.6,29452.46,29351.03,205.29542964
1609466700,29429.95,29476.12,29476.11,29452.46,129.80507331
1609466400,29442.34,29539.86,29490.29,29476.12,157.05430949
1609466100,29439.68,29514.09,29461.63,29487.95,90.21073585
1609465800,29425.0,29518.73,29460.0,29461.63,198.34386949
1609465500,29391.36,29469.19,29393.57,29464.27,137.44178918
1609465200,29393.54,29501.13,29480.54,29407.1,224.72656734
1609464900,29409.15,29545.0,29434.35,29486.78,311.79066647
1609464600,29391.85,29500.0,29443.96,29434.35,192.15795268
1609464300,29360.0,29461.87,29387.88,29450.03,94.72251016
1609464000,29288.94,29399.99,29320.28,29391.99,138.63507996
1609463700,29315.0,29431.0,29420.0,29315.47,252.94695125
1609463400,29180.89,29420.0,29180.89,29420.0,481.75019184
1609463100,29127.21,29187.65,29133.6,29180.9,119.01447119
1609462800,29034.37,29137.72,29066.58,29127.62,112.4600229
1609462500,29027.26,29104.05,29030.07,29066.58,75.32377441
1609462200,29025.09,29066.0,29025.44,29034.97,65.03065471
1609461900,28983.11,29072.82,29019.2,29025.44,271.72578928
1609461600,28980.21,29050.47,28980.22,29019.2,93.5722932
1609461300,28954.19,29010.0,28956.5,28980.22,128.05408366
1609461000,28902.85,28968.1,28904.55,28953.48,63.4559309
1609460700,28884.05,28945.7,28910.05,28901.98,57.35015649
1609460400,28810.55,28915.59,28901.78,28915.59,84.65294542
1609460100,28792.0,28927.41,28811.95,28901.79,114.43058035
1609459800,28751.82,28942.38,28921.69,28815.64,163.05088869
1609459500,28907.97,29031.71,29029.75,28925.55,52.1786931
1609459200,28973.74,29083.75,28990.08,29034.3,104.06507966
1609632000,32151.62,32280.0,32222.88,32215.82,110.44170669
1609631700,32138.87,32270.0,32149.99,32225.91,101.42122921
1609631400,32002.85,32205.59,32025.58,32138.94,97.50590634
1609631100,31945.02,32070.39,31946.23,32030.37,73.2433022
1609630800,31823.92,31994.81,31908.34,31946.23,76.55448636
1609630500,31819.81,31929.29,31850.02,31908.35,70.37984593
1609630200,31850.0,32074.37,32011.01,31852.83,106.12718376
1609629900,31918.06,32068.68,32031.36,32017.78,123.70912599
1609629600,31837.84,32030.72,32026.56,32016.56,147.05089798
1609629300,31889.15,32073.58,31896.93,32026.8,123.00967618
1609629000,31603.8,31940.62,31938.64,31893.28,283.45991815
1609628700,31885.13,32041.12,31924.47,31946.95,126.82394116
1609628400,31636.0,32233.86,32186.94,31927.37,269.72168333
1609628100,32134.3,32296.28,32233.65,32179.36,91.39507769
1609627800,32127.38,32307.78,32307.77,32233.65,85.82553252
1609627500,32200.0,32310.0,32201.72,32298.75,77.39457534
1609627200,32100.03,32298.35,32298.35,32201.73,110.00122703
1609626900,32223.07,32325.03,32310.08,32290.16,125.96681593
1609626600,32180.01,32323.87,32248.67,32310.09,209.32049571
1609626300,32025.0,32258.23,32113.33,32248.67,228.99529276
1609626000,31800.85,32120.21,31854.74,32113.34,220.33966803
1609625700,31688.49,31890.78,31688.5,31854.74,88.89706829
1609625400,31510.78,31690.11,31615.01,31688.5,106.52308339
1609625100,31460.0,31650.35,31460.0,31618.69,125.49849525
1609624800,31442.29,31719.82,31718.84,31462.43,144.52755453
1609624500,31663.11,31856.2,31831.1,31719.83,175.34412815
1609624200,31700.0,31862.6,31700.0,31830.61,188.39961459
1609623900,31485.03,31740.74,31619.74,31700.0,212.7802714
1609623600,31560.58,31700.0,31592.27,31619.74,150.38689046
1609623300,31392.53,31688.15,31675.13,31591.13,181.35826067
1609623000,31559.21,31739.86,31654.55,31673.84,181.58036666
1609622700,31500.0,31758.81,31733.83,31658.31,236.99077065
1609622400,31600.03,31965.39,31950.0,31717.99,368.26195415
1609622100,31459.95,31950.0,31522.02,31950.0,344.1772936
1609621800,31250.0,31532.45,31523.09,31502.77,340.88013321
1609621500,31500.0,31840.9,31546.11,31529.71,981.79407282
1609621200,30188.0,31600.0,30700.01,31546.18,1656.48579367
1609620900,30505.0,31612.42,31544.6,30674.58,1399.00004721
1609620600,31500.0,31850.0,31639.58,31523.53,613.30642133
1609620300,31602.0,32126.32,32125.02,31637.99,563.32115992
1609620000,31635.0,32179.08,31934.59,32124.98,800.81264941
1609619700,31829.39,32381.5,32316.48,31931.78,664.09566113
1609619400,32250.62,32453.98,32280.0,32311.78,208.88352915
1609619100,32112.13,32480.38,32164.91,32280.0,388.06450741
1609618800,32112.13,32597.2,32504.53,32171.15,323.1427928
1609618500,32480.22,32855.62,32845.47,32503.61,221.71472132
1609618200,32718.68,32868.54,32759.42,32840.0,169.09618798
1609617900,32300.0,32810.65,32769.63,32759.42,1127.38241692
1609617600,32634.21,33140.03,33111.87,32768.2,480.78101656
1609617300,33100.0,33243.04,33239.07,33111.87,182.28524305
1609617000,33170.0,33259.92,33243.96,33239.07,196.06594136
1609616700,33176.3,33300.0,33184.7,33243.96,144.94213235
1609616400,33054.28,33197.89,33095.72,33184.62,151.50712271
1609616100,33068.02,33220.0,33193.19,33077.41,175.54700275
1609615800,33096.81,33235.0,33102.23,33189.76,176.01370853
1609615500,33028.01,33115.29,33048.88,33101.85,106.22353447
1609615200,32938.26,33094.99,32976.67,33059.97,107.41618712
1609614900,32930.96,33100.0,33041.42,32969.13,162.44270465
1609614600,32925.64,33116.0,33116.0,33033.93,179.63082176
1609614300,33021.24,33176.65,33030.48,33116.0,167.31708819
1609614000,32767.53,33069.85,33037.6,33029.21,208.59676802
1609613700,32841.9,33300.0,33170.0,33056.02,508.17587285
1609613400,32889.2,33170.0,32889.21,33170.0,435.07671105
1609613100,32802.64,32925.0,32841.58,32889.21,122.53255605
1609612800,32682.44,32855.21,32800.02,32841.58,133.44839432
1609612500,32753.98,32850.0,32822.79,32800.01,96.94659723
1609612200,32730.86,32843.3,32812.61,32826.79,118.75971696
1609611900,32730.6,32821.44,32730.6,32819.25,105.79006142
1609611600,32600.0,32737.58,32643.63,32730.6,114.23399288
1609611300,32640.05,32739.41,32676.45,32643.82,126.88220945
1609611000,32626.49,32741.22,32703.64,32675.0,139.18009088
1609610700,32511.8,32759.34,32638.46,32711.18,213.64667653
1609610400,32600.98,33025.56,32963.93,32640.01,286.08382616
1609610100,32900.0,33088.64,32999.0,32970.21,338.20048334
1609609800,32855.47,33000.0,32861.11,32999.0,266.36569841
1609609500,32766.81,32999.0,32766.82,32861.05,287.22887809
1609609200,32728.97,32824.22,32746.13,32766.81,147.62864283
1609608900,32609.37,32750.0,32679.61,32730.9,158.38622842
1609608600,32522.51,32707.52,32704.96,32679.61,310.14307233
1609608300,32682.94,32812.92,32808.77,32704.99,197.65157018
1609608000,32693.52,32829.23,32719.98,32808.77,153.92381853
1609607700,32660.86,32821.39,32684.76,32719.4,196.58511276
1609607400,32660.0,32778.0,32681.02,32684.75,247.31401055
1609607100,32480.01,32726.44,32600.94,32681.02,264.93227305
1609606800,32496.24,32710.13,32569.0,32600.0,326.42097729
1609606500,32455.0,32750.0,32463.08,32568.52,281.95729092
1609606200,32329.75,32689.97,32378.55,32463.07,438.2125191
1609605900,32231.12,32888.0,32682.9,32353.99,702.09080093
1609605600,32620.0,33165.0,33099.29,32683.99,595.09532473
1609605300,32695.54,33110.0,32816.6,33095.1,665.18794277
1609605000,32379.43,32840.0,32393.97,32816.6,402.34474689
1609604700,32297.09,32481.97,32460.54,32393.98,366.51149284
1609604400,32278.15,32500.0,32394.0,32460.45,621.8680425
1609604100,32078.69,32394.0,32138.38,32393.98,273.82977343
1609603800,32055.67,32394.0,32275.05,32148.7,424.82479923
1609603500,31830.98,32328.68,31939.62,32277.03,440.24869053
1609603200,31790.31,32000.0,31800.34,31933.25,368.38225025
1609602900,31665.99,31849.25,31792.61,31802.45,266.81236625
1609602600,31718.37,31898.0,31835.46,31806.65,301.53927995
1609602300,31666.33,31846.28,31752.11,31846.28,214.02457075
1609602000,31509.92,31848.0,31516.28,31752.11,391.6327037
1609601700,31455.0,31550.0,31455.0,31517.38,248.12064585
1609601400,31409.08,31457.31,31440.04,31455.0,106.16447102
1609601100,31416.0,31478.93,31454.58,31440.04,121.67480452
1609600800,31372.88,31476.12,31374.02,31462.75,149.41037506
1609600500,31319.28,31395.92,31327.65,31373.44,126.98168993
1609600200,31304.36,31410.23,31404.38,31327.46,124.68585951
1609599900,31393.85,31471.94,31445.22,31404.39,147.76481987
1609599600,31330.0,31455.0,31350.89,31445.23,189.15098993
1609599300,31232.49,31388.43,31232.49,31350.89,221.59735655
1609599000,31205.02,31324.11,31317.74,31232.5,187.33868045
1609598700,31222.96,31325.0,31259.95,31317.74,119.42689262
1609598400,31163.75,31311.57,31298.24,31268.89,103.11692139
1609598100,31256.62,31325.0,31314.66,31299.24,149.72566099
1609597800,31147.44,31338.82,31150.0,31314.66,107.73965573
1609597500,31100.0,31327.51,31312.47,31145.65,144.53103697
1609597200,31159.23,31339.43,31289.9,31317.18,219.2069767
1609596900,31257.28,31475.01,31449.13,31292.81,238.20010223
1609596600,31406.78,31507.24,31406.78,31449.56,139.24894393
1609596300,31363.16,31478.48,31469.82,31413.31,189.57467544
1609596000,31369.03,31623.0,31599.99,31469.93,241.68328582
1609595700,31273.02,31600.0,31290.44,31600.0,194.72742205
1609595400,31268.96,31398.12,31330.82,31290.44,186.59453908
1609595100,31099.99,31380.51,31353.11,31337.12,244.75466009
1609594800,31180.06,31454.0,31187.0,31353.85,412.32925473
1609594500,30815.21,31245.08,30835.85,31187.0,383.42697147
1609594200,30804.67,30950.0,30919.87,30835.86,186.98753411
1609593900,30786.73,30922.57,30814.17,30922.57,140.88869944
1609593600,30762.93,30923.53,30880.0,30814.17,103.24021291
1609593300,30760.31,30956.0,30806.47,30886.21,185.42421126
1609593000,30709.33,30893.67,30738.99,30806.47,183.9237658
1609592700,30605.0,30742.51,30665.6,30742.51,121.62148009
1609592400,30572.28,30729.94,30645.07,30672.87,242.02839013
1609592100,30631.14,30779.75,30735.21,30645.08,120.54969473
1609591800,30595.16,30794.37,30781.59,30728.17,157.40399428
1609591500,30660.49,30944.0,30763.09,30783.7,452.52908904
1609591200,30542.38,30766.28,30608.53,30763.1,186.63664958
1609590900,30286.52,30668.16,30322.56,30608.53,312.21287496
1609590600,30236.46,30462.06,30350.0,30328.81,211.98450504
1609590300,30312.68,30479.0,30324.42,30350.0,189.71760277
1609590000,29974.7,30400.0,29974.7,30334.07,857.45160291
1609589700,29837.32,30000.0,29950.0,29973.97,463.29570941
1609589400,29885.44,29959.0,29910.0,29950.0,49.65025288
1609589100,29849.0,29910.0,29849.0,29909.99,61.16015031
1609588800,29805.14,29866.09,29829.71,29849.01,40.04510218
1609588500,29804.1,29837.19,29804.1,29829.72,48.5695231
1609588200,29804.1,29838.23,29828.52,29804.1,39.3540146
1609587900,29789.0,29838.31,29789.0,29828.52,32.834819
1609587600,29778.26,29800.26,29778.26,29789.0,36.49863624
1609587300,29757.42,29793.52,29775.05,29778.27,30.74147832
1609587000,29714.08,29781.61,29742.19,29774.05,50.31008119
1609586700,29722.06,29777.93,29722.06,29737.96,22.29888049
1609586400,29704.16,29807.03,29804.78,29724.2,73.81067439
1609586100,29788.05,29816.0,29805.69,29804.78,22.16038178
1609585800,29800.01,29840.95,29828.32,29805.69,16.41959799
1609585500,29815.71,29847.89,29840.99,29826.64,29.39185654
1609585200,29749.29,29841.0,29751.39,29841.0,23.83624252
1609584900,29739.35,29815.71,29787.93,29752.49,31.23460545
1609584600,29770.61,29831.22,29805.06,29787.93,21.2890249
1609584300,29755.76,29831.21,29799.82,29813.17,39.44894769
1609584000,29758.57,29815.08,29810.01,29799.61,49.68322446
1609583700,29789.91,29830.82,29826.2,29815.1,23.08384631
1609583400,29803.77,29868.75,29860.54,29826.2,46.06548281
1609583100,29820.01,29863.05,29839.0,29860.56,32.21371803
1609582800,29829.53,29880.03,29863.35,29839.0,31.45706191
1609582500,29754.46,29890.0,29754.46,29864.58,73.5765052
1609582200,29719.99,29787.07,29719.99,29754.46,53.40245215
1609581900,29598.89,29724.45,29630.15,29720.0,52.44149273
1609581600,29550.0,29760.04,29690.16,29632.33,131.98841207
1609581300,29650.67,29887.38,29855.92,29691.36,87.63058974
1609581000,29754.84,29969.99,29754.84,29860.92,166.80751314
1609580700,29750.0,29850.0,29833.61,29754.79,42.77964522
1609580400,29785.75,29840.03,29790.14,29825.04,41.02029065
1609580100,29639.14,29799.99,29745.04,29799.16,52.35307663
1609579800,29748.24,29800.93,29759.29,29750.59,70.27657321
1609579500,29748.31,29825.85,29825.85,29759.26,64.61228266
1609579200,29812.12,29886.39,29866.16,29825.86,36.06789698
1609578900,29803.98,29869.34,29803.99,29865.04,51.13037994
1609578600,29800.0,29862.11,29862.08,29803.99,66.79395532
1609578300,29841.41,29875.04,29841.41,29862.28,54.26245015
1609578000,29837.57,29929.0,29911.14,29841.41,107.08706324
1609577700,29875.85,29920.0,29905.0,29911.15,31.37061831
1609577400,29859.2,29905.01,29887.78,29896.09,38.33425698
1609577100,29858.55,29909.29,29859.09,29888.75,34.46787453
1609576800,29831.44,29856.85,29844.12,29856.85,16.19910041
1609576500,29801.11,29850.0,29818.1,29844.12,26.79398985
1609576200,29720.12,29830.0,29798.3,29818.11,49.03751601
1609575900,29789.57,29889.42,29865.9,29797.81,41.93887957
1609575600,29815.6,29884.22,29833.46,29865.9,45.46115539
1609575300,29772.29,29862.63,29828.1,29830.43,53.46808581
1609575000,29822.9,29891.23,29889.29,29830.42,57.10339284
1609574700,29881.75,29929.44,29904.17,29891.77,54.18705041
1609574400,29836.01,29929.44,29837.77,29895.85,170.01201873
1609574100,29837.78,29887.0,29869.45,29837.78,87.21254032
1609573800,29831.76,29869.46,29832.76,29869.45,37.22256397
1609573500,29805.99,29851.77,29805.99,29832.76,27.1817196
1609573200,29743.91,29806.0,29756.1,29806.0,34.52507594
1609572900,29733.87,29778.12,29733.87,29748.39,30.69757936
1609572600,29725.01,29828.96,29804.9,29733.21,59.3493188
1609572300,29771.75,29832.91,29803.89,29804.9,40.94441551
1609572000,29756.86,29804.81,29789.17,29803.9,34.30275393
1609571700,29772.67,29865.55,29863.24,29789.17,65.73838468
1609571400,29802.03,29875.0,29808.12,29854.75,75.54753654
1609571100,29778.8,29824.99,29822.99,29808.12,59.37854941
1609570800,29776.19,29823.0,29800.64,29822.99,62.76048714
1609570500,29738.1,29822.0,29822.0,29799.98,67.93144794
1609570200,29744.94,29822.0,29774.0,29822.0,155.64552804
1609569900,29687.89,29774.0,29692.13,29773.99,77.7918473
1609569600,29675.75,29730.6,29682.52,29691.79,34.96584027
1609569300,29637.18,29750.0,29725.66,29682.52,48.50905856
1609569000,29720.04,29756.81,29749.0,29728.61,136.57080825
1609568700,29681.85,29749.0,29709.76,29748.99,49.52756958
1609568400,29661.47,29709.76,29688.85,29709.76,47.83230303
1609568100,29630.94,29749.0,29738.01,29690.61,85.50251902
1609567800,29632.1,29739.99,29639.99,29739.99,117.96673229
1609567500,29600.4,29652.22,29607.58,29640.0,25.96573284
1609567200,29550.03,29690.0,29683.02,29607.58,89.01148854
1609566900,29586.43,29683.5,29586.43,29683.03,68.18199913
1609566600,29575.97,29600.0,29595.71,29586.45,26.40958002
1609566300,29593.9,29629.97,29595.4,29595.71,51.08568967
1609566000,29570.9,29611.34,29602.83,29595.49,49.55896956
1609565700,29589.23,29644.96,29644.96,29601.07,83.96279887
1609565400,29550.01,29646.37,29589.63,29640.91,113.14215688
1609565100,29550.16,29589.68,29552.81,29587.68,76.16927105
1609564800,29503.16,29552.81,29525.0,29552.81,54.45440634
1609564500,29488.08,29520.09,29499.16,29520.09,38.99257817
1609564200,29499.15,29520.0,29514.89,29499.16,35.95727688
1609563900,29501.01,29538.11,29517.53,29514.89,60.59140271
1609563600,29439.99,29523.64,29439.99,29520.75,40.02965479
1609563300,29432.26,29445.03,29443.8,29440.0,20.11207841
1609563000,29442.4,29477.11,29459.28,29443.77,47.10363937
1609562700,29436.28,29472.14,29436.29,29459.28,69.27740769
1609562400,29420.97,29450.0,29420.98,29436.28,47.37899166
1609562100,29359.58,29429.67,29371.73,29420.98,56.7979209
1609561800,29334.63,29390.62,29389.22,29371.74,47.67231196
1609561500,29362.14,29400.0,29362.14,29389.22,29.98159681
1609561200,29357.98,29393.41,29369.87,29362.14,58.51100046
1609560900,29314.65,29369.44,29330.0,29369.44,51.85068715
1609560600,29301.51,29383.68,29366.97,29330.0,63.06161994
1609560300,29356.88,29399.17,29399.16,29358.22,34.14128744
1609560000,29399.16,29440.01,29440.01,29399.17,44.48797763
1609559700,29420.5,29446.68,29421.79,29440.01,30.04556718
1609559400,29407.01,29425.0,29410.73,29421.8,44.10598159
1609559100,29360.05,29421.1,29366.99,29411.09,64.85021292
1609558800,29343.87,29394.23,29365.87,29360.02,38.35831266
1609558500,29340.13,29410.0,29388.47,29361.29,51.18911655
1609558200,29382.84,29404.85,29397.92,29392.53,31.81121615
1609557900,29384.81,29444.18,29424.22,29400.04,50.0961406
1609557600,29401.35,29436.27,29436.27,29423.45,43.92488218
1609557300,29421.86,29455.59,29455.59,29436.27,32.41941881
1609557000,29362.5,29461.83,29448.82,29455.29,56.69318685
1609556700,29425.05,29458.08,29436.59,29448.56,59.0733048
1609556400,29408.72,29450.0,29413.66,29436.6,47.5827626
1609556100,29408.47,29455.35,29442.52,29413.66,38.71578692
1609555800,29431.58,29472.85,29459.01,29442.52,43.05010985
1609555500,29421.29,29479.56,29450.0,29458.6,83.06934193
1609555200,29450.24,29496.86,29496.86,29450.24,62.94897348
1609554900,29448.18,29496.86,29455.0,29496.86,76.57595336
1609554600,29439.84,29519.5,29512.23,29455.0,86.06511002
1609554300,29485.01,29561.73,29550.0,29499.91,206.64954575
1609554000,29450.02,29550.2,29474.47,29550.0,225.86708815
1609553700,29453.02,29499.9,29484.0,29474.46,33.76475015
1609553400,29453.53,29505.0,29500.01,29484.0,57.34795665
1609553100,29460.01,29500.01,29500.0,29500.01,168.24902267
1609552800,29404.27,29505.0,29455.05,29500.0,178.15883082
1609552500,29443.74,29481.39,29443.76,29455.05,48.58928795
1609552200,29416.99,29459.39,29459.39,29443.76,39.88519145
1609551900,29431.42,29495.59,29433.99,29459.38,59.45516899
1609551600,29370.67,29464.0,29370.67,29438.08,90.37618094
1609551300,29320.18,29387.96,29331.94,29378.13,64.42377522
1609551000,29291.56,29346.0,29291.56,29331.94,38.64270042
1609550700,29277.45,29329.16,29288.52,29293.04,51.7613265
1609550400,29259.54,29310.0,29310.0,29288.53,44.46624293
1609550100,29196.69,29310.0,29196.7,29310.0,52.9350843
1609549800,29186.83,29275.0,29262.42,29200.17,39.9480027
1609549500,29255.0,29275.0,29255.0,29262.41,28.11955863
1609549200,29250.0,29273.94,29273.93,29255.0,41.32640404
1609548900,29247.96,29274.0,29259.04,29273.94,45.12680464
1609548600,29208.5,29263.44,29235.11,29259.32,54.16536528
1609548300,29229.42,29275.0,29267.99,29235.12,44.83103487
1609548000,29212.75,29269.0,29216.17,29265.47,76.24420341
1609547700,29200.01,29233.13,29201.78,29216.76,57.22512947
1609547400,29077.1,29229.03,29120.45,29201.79,64.42600138
1609547100,29039.0,29184.31,29181.22,29125.74,91.79055991
1609546800,29082.6,29271.0,29271.0,29184.31,116.8828896
1609546500,29242.38,29396.07,29396.07,29271.0,82.71210522
1609546200,29374.97,29411.68,29384.62,29396.06,51.04840788
1609545900,29301.46,29395.65,29309.98,29385.6,68.86974421
1609545600,29297.3,29413.33,29413.29,29308.84,55.33277966
1609718400,32889.67,33141.71,33082.84,33013.62,234.3647599
1609718100,32722.38,33105.0,32890.2,33080.66,488.75913368
1609717800,32860.01,33270.32,33258.88,32884.02,275.56148373
1609717500,33206.31,33385.53,33362.16,33261.35,167.9574534
1609717200,33362.16,33477.51,33435.16,33362.16,93.46079665
1609716900,33425.0,33600.0,33567.24,33437.08,125.90644736
1609716600,33537.61,33628.24,33546.21,33559.68,74.9859055
1609716300,33472.88,33640.0,33474.79,33546.21,90.02072855
1609716000,33273.7,33468.41,33273.7,33466.46,80.14205486
1609715700,33273.71,33445.0,33431.61,33273.71,114.43653932
1609715400,33129.72,33434.33,33142.7,33420.0,175.41593398
1609715100,32970.21,33162.61,33068.97,33141.03,128.19556929
1609714800,32981.58,33266.36,33163.89,33073.02,180.6386965
1609714500,33091.03,33197.39,33189.27,33166.13,93.27959153
1609714200,33040.0,33207.4,33043.95,33185.24,120.07032453
1609713900,33023.53,33350.0,33287.72,33057.25,108.6221446
1609713600,33095.85,33306.46,33299.0,33300.84,326.05035744
1609713300,33287.94,33621.09,33610.59,33299.94,422.96883953
1609713000,33500.05,33649.08,33549.93,33608.99,81.01118975
1609712700,33537.25,33657.56,33611.0,33549.9,75.85216967
1609712400,33600.0,33680.26,33612.87,33611.01,72.92632687
1609712100,33314.99,33677.0,33315.0,33604.8,71.62055012
1609711800,33251.97,33359.95,33273.52,33315.0,63.49080031
1609711500,33250.0,33477.43,33431.31,33274.73,81.97970269
1609711200,33393.71,33599.2,33599.2,33436.7,83.07914817
1609710900,33550.0,33693.15,33607.59,33598.47,121.28802364
1609710600,33592.05,33720.0,33675.07,33608.79,57.25868817
1609710300,33663.13,33763.2,33763.2,33675.07,58.68338846
1609710000,33726.7,33775.0,33726.71,33763.2,65.08643357
1609709700,33640.07,33796.99,33640.07,33720.0,99.58231846
1609709400,33617.1,33762.2,33747.41,33640.04,62.59071718
1609709100,33656.24,33763.33,33687.52,33747.41,39.88073754
1609708800,33578.14,33727.5,33656.21,33687.52,46.44162434
1609708500,33641.84,33749.93,33698.56,33656.27,51.69655621
1609708200,33563.05,33762.04,33715.9,33699.35,74.14487785
1609707900,33650.81,33870.0,33866.59,33715.71,61.43070575
1609707600,33703.87,33866.59,33743.27,33866.59,110.59216372
1609707300,33607.89,33837.41,33607.9,33744.0,125.36620034
1609707000,33586.54,33723.88,33641.99,33600.2,58.86212196
1609706700,33453.28,33686.23,33603.72,33628.22,160.16499002
1609706400,33560.69,33840.0,33795.01,33609.07,167.56490924
1609706100,33650.0,33840.0,33703.14,33789.75,139.5665841
1609705800,33569.75,33722.76,33722.75,33703.14,114.75796211
1609705500,33615.55,33762.45,33693.34,33726.68,175.53153517
1609705200,33387.16,33699.99,33461.84,33697.28,146.79536784
1609704900,33292.9,33564.71,33330.37,33465.22,179.03374144
1609704600,32999.99,33350.0,33168.19,33330.63,184.64178125
1609704300,32903.25,33227.29,32903.25,33168.28,144.11432423
1609704000,32730.02,32903.25,32774.33,32903.25,80.50419133
1609703700,32696.36,32799.95,32720.0,32772.46,74.3685538
1609703400,32620.36,32713.99,32678.82,32713.99,36.54683175
1609703100,32449.29,32678.29,32485.04,32678.29,55.51618344
1609702800,32444.62,32623.91,32566.78,32487.3,111.79300012
1609702500,32476.52,32619.5,32593.16,32574.6,87.77610225
1609702200,32508.0,32741.26,32643.56,32593.75,103.16686624
1609701900,32550.05,32699.5,32658.32,32641.24,142.82766467
1609701600,32655.01,32894.33,32894.33,32670.95,129.13491627
1609701300,32808.07,32913.37,32828.87,32895.25,65.51311685
1609701000,32714.62,32828.87,32724.42,32828.87,91.70400619
1609700700,32684.26,32912.98,32912.98,32724.48,132.03472974
1609700400,32668.3,32924.24,32785.67,32917.02,114.08832355
1609700100,32731.41,32837.92,32810.58,32785.67,82.68829324
1609699800,32640.0,32831.58,32725.45,32810.58,88.72390632
1609699500,32577.75,32786.78,32607.9,32719.34,92.69352799
1609699200,32529.24,32729.73,32550.39,32615.16,153.5886668
1609698900,32270.59,32570.0,32487.32,32559.75,283.91005883
1609698600,32457.89,32643.32,32527.09,32475.15,231.27638392
1609698300,32510.39,32717.97,32716.48,32527.09,329.61815539
1609698000,32652.16,32823.73,32789.73,32716.47,120.94885038
1609697700,32642.42,33000.0,32999.99,32789.59,137.45194155
1609697400,32862.26,33023.74,32998.01,32999.99,89.44115764
1609697100,32823.65,33030.73,32849.47,32997.54,79.53541043
1609696800,32733.0,33041.24,32933.75,32849.47,156.82221766
1609696500,32882.66,33205.07,33190.71,32933.74,119.92589233
1609696200,33151.0,33267.12,33201.68,33185.69,88.49333858
1609695900,32940.0,33240.0,33047.01,33201.69,89.17627555
1609695600,32864.53,33077.33,32937.32,33036.59,102.75528069
1609695300,32850.0,33088.4,33088.4,32937.28,124.62243347
1609695000,33015.46,33175.0,33111.66,33089.38,138.17737717
1609694700,32912.2,33141.68,33115.56,33112.7,181.55892693
1609694400,32812.1,33213.65,32844.91,33116.26,257.49700193
1609694100,32510.0,32947.86,32613.89,32846.36,205.10729705
1609693800,32500.0,32739.83,32590.08,32607.5,304.93345471
1609693500,32535.48,32910.54,32910.54,32571.92,247.03969825
1609693200,32555.0,33040.39,32704.89,32892.87,318.23976087
1609692900,32623.08,33000.01,33000.01,32704.25,328.57319179
1609692600,32800.0,33270.71,33096.94,33014.92,231.18546632
1609692300,32905.0,33298.23,33278.93,33111.19,280.36272106
1609692000,33242.83,33495.27,33435.39,33281.69,112.76983965
1609691700,33315.13,33489.86,33398.12,33435.39,144.85042706
1609691400,33338.43,33550.0,33470.38,33410.36,195.75148902
1609691100,33458.81,33724.72,33629.32,33458.81,131.16862918
1609690800,33422.64,33642.75,33437.48,33629.91,152.06588182
1609690500,33426.58,33753.17,33678.2,33439.35,144.66040034
1609690200,33650.01,33782.33,33780.95,33678.2,115.7856114
1609689900,33700.0,33884.16,33819.03,33787.74,165.34996527
1609689600,33560.77,33864.0,33569.34,33825.3,213.74785445
1609689300,33561.58,33717.81,33596.66,33567.82,110.81923338
1609689000,33478.21,33675.04,33478.21,33596.65,102.63067504
1609688700,33412.96,33597.56,33427.94,33478.2,133.21826204
1609688400,33272.4,33477.06,33405.89,33427.93,149.56368091
1609688100,33350.02,33529.89,33457.11,33408.08,154.63456151
1609687800,32800.0,33467.48,33098.78,33460.89,548.35360842
1609687500,33011.38,33427.1,33373.99,33094.89,250.00348913
1609687200,33225.0,33557.85,33475.0,33370.78,176.65527473
1609686900,33347.25,33654.58,33445.76,33484.02,155.72014767
1609686600,33375.59,33647.93,33615.05,33445.75,133.38665083
1609686300,33269.0,33750.0,33614.07,33610.51,349.05150783
1609686000,33602.92,33974.27,33920.62,33611.82,151.93398781
1609685700,33594.1,33949.96,33594.11,33921.94,150.68336054
1609685400,33550.0,33793.62,33788.36,33584.48,232.01212638
1609685100,33775.56,33940.73,33935.11,33793.07,164.11907776
1609684800,33860.48,33956.7,33952.32,33935.12,144.54299908
1609684500,33933.58,34080.09,33966.35,33950.01,133.87015433
1609684200,33950.0,34141.48,34006.26,33962.91,144.42104362
1609683900,34001.59,34133.38,34100.0,34006.27,118.20192696
1609683600,34065.1,34199.38,34066.64,34097.82,101.99456477
1609683300,34039.0,34166.66,34091.89,34066.01,116.03721924
1609683000,34020.64,34100.0,34061.29,34091.89,89.41314174
1609682700,33975.8,34123.45,33975.8,34061.28,97.83657812
1609682400,33676.19,34042.34,33916.08,33979.44,175.06881842
1609682100,33899.99,34039.95,33980.66,33916.08,111.13473183
1609681800,33857.44,34084.16,34042.07,33993.9,96.08209101
1609681500,34009.84,34203.48,34076.71,34033.81,124.37544218
1609681200,33860.02,34209.54,34006.31,34082.57,178.25080348
1609680900,33993.99,34136.51,34091.65,34006.4,177.66902693
1609680600,33960.81,34204.35,34204.35,34086.94,195.79365337
1609680300,34188.0,34265.0,34188.01,34204.35,87.977119
1609680000,34188.0,34351.89,34304.76,34188.01,122.00686164
1609679700,34279.11,34395.0,34371.88,34306.81,123.39871163
1609679400,34283.81,34396.0,34341.2,34371.87,115.06061274
1609679100,34278.13,34346.57,34314.61,34343.86,110.29657872
1609678800,34146.67,34325.29,34146.7,34314.62,86.02320605
1609678500,34062.67,34205.62,34062.67,34146.74,61.17603725
1609678200,34054.53,34216.34,34134.01,34054.53,49.2687159
1609677900,34090.0,34264.67,34169.77,34129.5,68.15143989
1609677600,34118.01,34212.1,34203.25,34174.31,61.3531883
1609677300,33980.0,34212.83,34122.34,34204.65,98.78082226
1609677000,34065.0,34390.43,34324.48,34129.07,115.97126354
1609676700,34264.22,34361.69,34264.22,34324.49,66.47216279
1609676400,34253.64,34400.85,34379.38,34270.33,78.8814041
1609676100,34326.7,34559.16,34526.78,34367.08,53.47141338
1609675800,34277.86,34565.4,34278.5,34526.78,99.01720733
1609675500,34142.9,34537.08,34519.92,34278.48,130.79156609
1609675200,34416.84,34618.63,34450.26,34519.97,130.72844121
1609674900,34225.66,34467.24,34355.07,34450.26,73.69583924
1609674600,34318.74,34470.39,34332.64,34356.83,77.09452638
1609674300,34143.18,34358.1,34143.18,34335.94,61.86522619
1609674000,34069.79,34178.82,34101.75,34148.46,75.58883533
1609673700,34006.11,34149.2,34051.43,34096.35,41.43499034
1609673400,33949.79,34105.65,33961.96,34051.43,66.41211837
1609673100,33937.6,34027.2,34017.9,33961.98,69.28939943
1609672800,33937.05,34180.75,34041.34,34017.9,96.45642298
1609672500,34048.18,34193.29,34126.05,34048.87,49.5864552
1609672200,33975.01,34148.76,34136.18,34125.99,49.17996505
1609671900,34089.11,34237.48,34101.71,34146.15,98.62797864
1609671600,33807.84,34123.87,33896.76,34098.92,105.94374824
1609671300,33828.13,33976.89,33976.89,33903.18,51.23648649
1609671000,33953.58,34083.37,34082.99,33986.88,64.40111003
1609670700,33926.99,34182.48,33960.17,34083.01,111.56931159
1609670400,33883.35,33984.44,33929.14,33971.77,72.26351281
1609670100,33781.61,33970.07,33863.18,33929.99,85.80620003
1609669800,33554.11,33900.0,33761.69,33868.93,111.75819746
1609669500,33500.0,33814.23,33783.98,33770.1,245.04044509
1609669200,33766.83,33994.95,33903.67,33766.83,80.81627753
1609668900,33720.0,34151.29,34089.28,33894.18,283.603253
1609668600,34026.01,34285.83,34242.04,34089.2,116.13447564
1609668300,34216.25,34332.8,34321.77,34241.52,67.12221521
1609668000,34215.75,34386.93,34228.24,34311.49,63.46445196
1609667700,34139.76,34279.77,34139.76,34218.86,55.59786512
1609667400,34080.45,34169.19,34164.77,34139.75,67.15352491
1609667100,34062.11,34191.82,34105.07,34165.11,52.44672707
1609666800,33976.64,34145.67,33994.54,34108.55,72.18971761
1609666500,33983.01,34205.1,34175.0,34004.35,52.25722477
1609666200,33842.0,34205.11,34045.7,34175.85,142.65262869
1609665900,33901.79,34347.8,34323.15,34035.83,165.22569551
1609665600,34114.74,34326.68,34215.75,34317.86,71.11412913
1609665300,34040.25,34277.83,34262.27,34215.76,123.43806019
1609665000,34120.0,34327.9,34327.9,34279.92,122.71240177
1609664700,34228.13,34572.71,34559.68,34328.11,106.22185181
1609664400,34395.67,34597.86,34398.54,34559.67,105.34060624
1609664100,34305.74,34545.61,34508.51,34398.96,90.93508694
1609663800,34454.18,34595.75,34545.43,34508.5,57.24124464
1609663500,34501.83,34662.87,34662.87,34551.1,92.32016348
1609663200,34486.56,34700.0,34555.64,34662.87,81.29008176
1609662900,34335.41,34578.3,34339.6,34564.13,105.55330104
1609662600,34330.36,34462.54,34462.54,34336.71,72.75255411
1609662300,34343.56,34506.01,34352.91,34462.54,102.173436
1609662000,34257.48,34378.54,34259.59,34353.89,93.40727753
1609661700,33963.06,34268.84,34119.14,34259.66,151.6838388
1609661400,33743.2,34296.24,34296.24,34119.15,266.32342568
1609661100,34200.02,34467.64,34419.61,34304.07,134.71131048
1609660800,34327.67,34628.39,34508.48,34424.22,189.34989892
1609660500,34045.14,34578.78,34425.68,34508.49,285.20553729
1609660200,34313.96,34776.72,34724.75,34434.57,188.93173975
1609659900,34583.21,34810.0,34695.17,34724.75,179.08110348
1609659600,34580.09,34733.18,34590.56,34695.17,136.93574805
1609659300,34458.19,34663.9,34663.9,34590.81,122.23143442
1609659000,34449.99,34745.0,34532.75,34663.91,223.55402851
1609658700,34372.25,34600.0,34475.26,34536.89,170.76351308
1609658400,34106.54,34571.0,34130.0,34470.89,458.89221488
1609658100,33966.04,34174.75,34023.64,34130.0,98.72775773
1609657800,33942.26,34046.75,33961.92,34020.83,57.4680278
1609657500,33880.0,34024.99,33915.55,33961.92,67.42110194
1609657200,33800.0,34000.0,33997.56,33925.12,87.85800034
1609656900,33889.52,34059.34,33900.01,33997.56,92.63517662
1609656600,33866.63,33942.26,33869.29,33908.85,61.93067698
1609656300,33866.62,34096.85,34021.86,33866.62,93.76612603
1609656000,33992.84,34100.0,34018.51,34021.86,81.11287059
1609655700,33860.32,34098.53,33894.62,34018.51,113.55911136
1609655400,33876.1,33977.54,33881.53,33894.51,86.18290372
1609655100,33830.45,33932.48,33900.43,33881.53,103.99756853
1609654800,33868.6,34000.0,33960.8,33902.85,84.96296589
1609654500,33808.54,33996.43,33812.01,33960.8,131.55580955
1609654200,33812.0,34035.43,34016.22,33812.01,120.21536508
1609653900,33892.2,34122.29,33941.49,34011.74,145.3583424
1609653600,33668.93,33949.94,33774.05,33947.26,110.53594068
1609653300,33635.93,33981.1,33904.36,33779.48,271.86941171
1609653000,33823.73,33962.65,33909.62,33904.36,171.07883886
1609652700,33901.23,34103.99,33976.39,33912.37,240.70038864
1609652400,33766.57,34048.1,34042.3,33976.59,308.57868082
1609652100,34000.0,34139.08,34043.02,34044.15,134.35057971
1609651800,33929.27,34205.0,34010.92,34043.02,344.6295772
1609651500,33857.7,34088.16,33884.2,34010.91,192.09930601
1609651200,33800.0,34044.03,33904.97,33876.67,171.24297846
1609650900,33662.0,33927.88,33828.54,33897.48,257.03115603
1609650600,33782.07,34100.0,33833.09,33828.54,485.46982336
1609650300,33321.93,33944.0,33599.91,33830.0,540.93343344
1609650000,33146.98,33600.0,33245.9,33600.0,563.41102121
1609649700,32973.62,33290.0,33029.09,33222.97,265.89073752
1609649400,32861.89,33055.0,32866.75,33037.14,170.65078641
1609649100,32742.5,32879.0,32742.5,32865.11,74.68266187
1609648800,32664.06,32750.57,32670.52,32741.03,51.11234052
1609648500,32646.67,32724.75,32663.66,32670.53,42.27454815
1609648200,32614.56,32699.0,32627.34,32663.12,52.41769362
1609647900,32490.91,32628.14,32564.51,32621.8,62.69478444
1609647600,32526.86,32606.65,32599.93,32559.25,49.18056323
1609647300,32550.22,32673.6,32664.91,32599.91,64.28603545
1609647000,32635.64,32699.0,32698.96,32665.0,55.45613877
1609646700,32662.38,32717.06,32707.21,32695.5,39.56739051
1609646400,32610.0,32745.52,32613.67,32708.83,63.41423205
1609646100,32600.0,32691.04,32688.35,32617.55,45.95926584
1609645800,32680.81,32763.44,32724.6,32691.04,50.33521718
1609645500,32570.28,32724.01,32602.81,32722.62,56.08681387
1609645200,32575.21,32634.99,32631.0,32602.81,47.37707163
1609644900,32557.38,32642.13,32559.63,32631.0,56.56370038
1609644600,32470.14,32688.35,32682.25,32559.1,156.18624816
1609644300,32682.25,32742.58,32722.65,32688.6,45.32689692
1609644000,32635.99,32724.99,32647.2,32723.85,33.73266804
1609643700,32609.91,32693.18,32620.15,32648.61,48.60757622
1609643400,32606.55,32775.0,32739.91,32618.23,68.13672319
1609643100,32670.0,32775.0,32688.01,32739.93,56.06546872
1609642800,32688.0,32778.81,32778.81,32692.03,109.49572259
1609642500,32712.54,32848.37,32834.99,32779.5,70.3014774
1609642200,32769.0,32851.22,32823.89,32834.99,47.94915434
1609641900,32819.31,32899.0,32866.25,32827.69,44.22062345
1609641600,32844.01,32921.09,32899.99,32855.02,72.19159846
1609641300,32850.84,32905.0,32850.84,32900.0,68.71910344
1609641000,32756.3,32866.65,32821.17,32848.19,79.01742902
1609640700,32771.88,32839.96,32776.61,32823.41,90.50629728
1609640400,32713.44,32777.0,32766.66,32776.61,90.63305253
1609640100,32635.62,32766.66,32688.65,32766.66,53.34087838
1609639800,32672.05,32748.64,32733.39,32688.0,62.7599357
1609639500,32607.5,32748.69,32649.97,32738.48,52.84254382
1609639200,32599.99,32730.22,32625.97,32655.31,91.83537756
1609638900,32580.51,32804.68,32790.6,32631.23,81.02506193
1609638600,32750.01,32823.0,32781.03,32792.56,61.74528714
1609638300,32651.16,32825.0,32651.18,32781.02,119.24854278
1609638000,32607.77,32764.65,32764.65,32651.18,92.05213858
1609637700,32680.0,32774.64,32698.02,32764.01,121.68278703
1609637400,32612.17,32707.1,32662.33,32695.63,90.29747896
1609637100,32522.77,32667.22,32594.85,32665.39,98.40808543
1609636800,32514.7,32606.85,32545.93,32595.21,74.29695521
1609636500,32430.0,32569.01,32450.8,32545.92,96.28895557
1609636200,32418.43,32500.0,32424.71,32442.35,52.86785203
1609635900,32353.33,32528.56,32353.37,32418.99,95.42892292
1609635600,32250.0,32485.76,32485.76,32353.99,121.80909085
1609635300,32450.06,32509.32,32483.6,32485.8,74.67484554
1609635000,32431.4,32537.7,32431.4,32483.64,107.76897482
1609634700,32395.82,32493.0,32457.06,32434.58,77.28322441
1609634400,32356.84,32464.64,32431.7,32455.65,110.15972409
1609634100,32348.92,32460.0,32430.01,32430.01,103.45098036
1609633800,32250.88,32479.07,32251.63,32430.0,289.65823733
1609633500,32040.06,32257.9,32055.68,32244.96,121.82690818
1609633200,32046.58,32171.13,32113.5,32055.68,81.02436079
1609632900,32054.19,32204.7,32141.61,32123.85,57.27843134
1609632600,32128.51,32280.0,32227.41,32141.61,77.39041368
1609632300,32008.62,32250.97,32215.81,32227.41,135.74352664
1609632000,32151.62,32280.0,32222.88,32215.82,110.44170669
1609804800,32011.74,32260.0,32020.22,32255.3,218.01736518
1609804500,31944.8,32050.0,31957.75,32019.99,119.17659158
1609804200,31820.37,32040.6,31952.87,31963.34,136.71300824
1609803900,31873.47,32022.7,31915.0,31949.5,196.43321222
1609803600,31827.54,31964.47,31839.81,31915.0,92.85043355
1609803300,31596.79,31908.06,31665.08,31846.18,144.25442246
1609803000,31643.41,31921.23,31776.52,31666.86,155.18178245
1609802700,31429.64,31870.77,31463.73,31782.07,226.70933457
1609802400,31183.74,31464.34,31204.76,31457.04,76.95389181
1609802100,31188.56,31323.27,31312.36,31209.7,77.30122372
1609801800,31250.0,31318.47,31252.28,31313.98,63.56469758
1609801500,31226.88,31326.99,31326.98,31252.28,64.50763143
1609801200,31204.76,31420.0,31367.06,31326.98,117.67315905
1609800900,31353.48,31430.44,31395.92,31367.03,47.4723393
1609800600,31395.91,31458.31,31400.0,31395.92,43.88202223
1609800300,31358.31,31500.0,31495.6,31400.0,54.74707832
1609800000,31352.66,31497.65,31355.86,31495.42,60.93267985
1609799700,31294.37,31389.58,31306.74,31350.48,59.55960806
1609799400,31259.73,31333.48,31333.3,31306.74,73.20358235
1609799100,31200.08,31336.6,31278.36,31333.47,99.63674298
1609798800,31275.1,31338.82,31336.66,31282.13,61.73161494
1609798500,31220.0,31369.3,31220.98,31336.67,100.11878123
1609798200,31059.5,31249.39,31059.5,31221.04,61.28311749
1609797900,31020.87,31110.25,31020.88,31059.51,66.79311094
1609797600,30984.61,31049.27,31044.04,31020.88,59.13806892
1609797300,30985.01,31122.76,31000.71,31044.04,81.93670378
1609797000,30864.66,31031.25,30946.83,30985.0,90.81516187
1609796700,30882.0,31061.64,30919.75,30945.5,105.35460814
1609796400,30901.16,31020.63,30915.82,30919.99,122.05915427
1609796100,30877.14,31032.23,30995.58,30915.82,154.63598765
1609795800,30970.0,31195.79,31086.56,30998.93,139.06724588
1609795500,31000.0,31367.14,31340.01,31096.62,165.80653059
1609795200,31342.5,31496.87,31496.87,31343.5,80.66500013
1609794900,31458.42,31599.0,31599.0,31496.87,65.2674788
1609794600,31432.15,31600.0,31432.56,31599.11,54.26614792
1609794300,31338.77,31470.15,31367.3,31435.95,73.28520199
1609794000,31265.64,31391.04,31265.64,31372.04,77.68513573
1609793700,31230.67,31416.47,31414.72,31269.47,69.66379066
1609793400,31353.51,31477.78,31400.46,31421.01,68.95390266
1609793100,31305.25,31461.69,31371.62,31400.46,73.20757677
1609792800,31293.15,31420.43,31368.27,31371.57,88.04629776
1609792500,31353.4,31510.0,31464.17,31369.41,227.56892706
1609792200,31381.61,31495.61,31395.38,31462.97,132.99383357
1609791900,31334.18,31458.81,31371.57,31389.1,185.85768998
1609791600,31360.89,31670.89,31607.3,31371.57,481.70854027
1609791300,31524.52,31668.36,31567.07,31607.29,87.49983343
1609791000,31500.66,31600.0,31512.65,31567.06,106.22095022
1609790700,31482.77,31587.67,31581.68,31512.66,158.66427519
1609790400,31550.0,31850.0,31690.76,31567.23,179.06120687
1609790100,31654.92,31743.02,31676.59,31690.76,78.48889744
1609789800,31642.58,31783.79,31664.29,31677.03,99.86167453
1609789500,31602.94,31747.69,31706.53,31664.29,130.02337081
1609789200,31700.0,31880.0,31767.48,31700.16,147.25719679
1609788900,31640.88,31790.0,31750.0,31773.87,143.64457484
1609788600,31412.4,31749.93,31420.06,31744.66,182.18669864
1609788300,31244.78,31480.0,31340.79,31416.55,104.67365401
1609788000,31232.6,31339.48,31238.19,31339.48,45.72445224
1609787700,31136.65,31268.21,31155.42,31238.18,107.68988432
1609787400,31148.53,31233.75,31164.98,31155.46,91.00400635
1609787100,31161.68,31350.0,31309.87,31164.99,99.04649138
1609786800,31183.44,31363.94,31183.44,31308.7,89.47094621
1609786500,31150.08,31277.73,31170.99,31183.45,109.96308828
1609786200,31124.53,31244.44,31164.09,31173.5,158.06143636
1609785900,31164.46,31388.46,31339.43,31170.73,75.03680748
1609785600,31275.02,31385.0,31297.56,31340.41,74.24309777
1609785300,31288.0,31380.64,31320.14,31307.2,106.97616542
1609785000,31287.72,31455.0,31434.81,31304.07,103.28257599
1609784700,31074.29,31445.25,31089.8,31445.25,125.88189389
1609784400,30908.43,31221.06,31221.06,31090.02,219.05884867
1609784100,31120.04,31282.03,31160.73,31221.05,120.19692294
1609783800,31114.5,31231.73,31176.85,31163.33,67.94863289
1609783500,31156.11,31275.59,31250.0,31175.81,155.28127361
1609783200,30997.29,31250.0,31006.37,31248.78,93.62653945
1609782900,30859.37,31066.24,30901.97,31022.25,175.31078657
1609782600,30607.88,30909.95,30624.76,30904.17,145.48624454
1609782300,30612.57,30816.75,30816.75,30624.7,188.31075487
1609782000,30780.29,31096.6,31021.22,30805.25,106.70529394
1609781700,30855.33,31021.22,30953.04,31021.22,132.40670991
1609781400,30929.41,31085.23,31009.34,30953.05,109.45738564
1609781100,30983.03,31321.33,31079.99,31011.6,215.29146225
1609780800,31036.1,31176.85,31038.11,31065.83,125.88307514
1609780500,30900.07,31121.27,31000.0,31038.11,150.51815195
1609780200,30959.08,31359.33,31291.88,31000.04,165.91237072
1609779900,31277.87,31479.54,31441.23,31283.97,136.83841044
1609779600,31342.03,31549.42,31342.03,31454.99,135.69644326
1609779300,31300.01,31440.0,31304.98,31342.02,126.21168504
1609779000,31272.61,31391.85,31273.4,31300.0,130.34535328
1609778700,31069.0,31320.74,31177.03,31290.22,141.114956
1609778400,30720.34,31200.2,30792.94,31177.15,225.21889387
1609778100,30700.0,30927.1,30915.62,30791.96,204.61272108
1609777800,30848.68,31080.81,31034.31,30913.41,200.3345748
1609777500,30751.41,31075.01,30892.74,31034.31,251.4691521
1609777200,30831.51,31179.98,31150.0,30892.74,312.23195042
1609776900,31150.01,31432.15,31241.61,31163.07,218.25196149
1609776600,31154.75,31467.32,31312.84,31230.01,345.3323209
1609776300,31230.33,31718.05,31700.01,31312.85,410.66268354
1609776000,31700.01,31930.55,31771.01,31705.16,130.70989362
1609775700,31592.96,31799.99,31711.86,31771.01,148.66735368
1609775400,31591.11,31800.15,31631.72,31698.49,187.64468469
1609775100,31627.0,31893.46,31892.04,31638.1,184.94700079
1609774800,31811.47,31958.57,31854.04,31892.72,112.48617007
1609774500,31755.0,31889.37,31813.88,31854.04,106.16092893
1609774200,31808.67,32079.99,32079.99,31821.08,97.78075232
1609773900,31867.44,32080.0,31970.23,32080.0,111.43151041
1609773600,31741.48,32009.86,31741.48,31970.23,154.76583658
1609773300,31729.07,31944.96,31864.92,31729.07,148.74434943
1609773000,31834.63,31995.86,31966.74,31849.61,183.40053957
1609772700,31935.21,32213.05,32080.84,31966.73,237.07525155
1609772400,32061.81,32246.07,32179.94,32080.84,186.1355239
1609772100,31971.5,32196.99,32004.02,32180.72,187.84236056
1609771800,31877.03,32099.48,31920.0,32005.81,193.91925418
1609771500,31809.07,31996.88,31969.42,31922.2,141.17226875
1609771200,31684.22,32000.0,31812.17,31989.09,228.01682191
1609770900,31807.18,31949.68,31901.89,31833.53,275.42532547
1609770600,31776.81,31946.2,31776.82,31901.9,164.77443365
1609770300,31600.32,31794.59,31646.35,31773.63,125.5378066
1609770000,31616.84,31772.39,31772.39,31646.37,172.99507201
1609769700,31586.65,31821.6,31586.65,31772.4,123.88992166
1609769400,31541.48,31695.01,31543.78,31586.25,123.97239192
1609769100,31531.74,31846.78,31786.65,31543.78,251.35763816
1609768800,31443.69,31800.0,31455.91,31784.97,295.98528319
1609768500,31136.76,31455.92,31138.72,31455.92,134.93817758
1609768200,31030.22,31220.39,31030.22,31149.42,133.82587771
1609767900,30841.5,31079.31,31006.77,31030.22,104.16288846
1609767600,30941.42,31151.98,31151.98,31006.76,149.53959971
1609767300,31110.59,31295.32,31211.29,31170.6,85.83550487
1609767000,31072.58,31293.86,31159.43,31211.29,103.53293354
1609766700,31042.01,31213.27,31046.21,31159.39,326.53840052
1609766400,30605.34,31085.06,30671.43,31046.21,325.9959068
1609766100,30594.01,30993.99,30954.88,30671.42,284.63782444
1609765800,30874.54,31027.65,31016.14,30954.89,267.00842197
1609765500,30927.32,31134.65,30950.01,31025.51,324.10034669
1609765200,30900.0,31285.08,31280.21,30950.0,260.1267632
1609764900,31009.78,31309.24,31072.16,31282.87,207.3163203
1609764600,31037.63,31356.66,31301.47,31072.16,164.57130087
1609764300,31289.59,31487.87,31308.43,31301.47,197.92993529
1609764000,31123.18,31354.14,31131.84,31323.7,176.2336682
1609763700,31094.61,31259.04,31211.26,31132.88,95.29009214
1609763400,30911.44,31210.59,31063.94,31210.59,134.44523383
1609763100,30798.58,31166.0,30950.0,31066.64,155.64144872
1609762800,30831.8,31266.1,31149.3,30950.0,286.00863557
1609762500,30858.9,31189.0,30925.41,31159.68,231.67445672
1609762200,30570.27,30970.93,30655.0,30921.81,177.46044114
1609761900,30500.0,30679.1,30674.11,30656.19,177.84793152
1609761600,30528.95,30806.93,30769.75,30674.11,144.38471209
1609761300,30677.03,30962.28,30818.48,30774.11,198.85056236
1609761000,30150.38,30826.8,30164.48,30818.48,176.37726369
1609760700,30101.54,30374.87,30272.11,30164.48,145.93466076
1609760400,30053.5,30284.21,30077.87,30272.0,95.13381255
1609760100,29900.0,30122.66,29980.09,30082.39,148.77063376
1609759800,29881.37,30238.24,30231.27,29975.12,243.91577799
1609759500,30116.09,30359.87,30279.67,30228.31,164.6424099
1609759200,29950.01,30279.75,30125.37,30270.0,174.24611747
1609758900,29584.92,30125.8,29938.87,30113.77,220.22298509
1609758600,29376.03,30084.44,30063.86,29944.8,456.54038621
1609758300,30010.05,30429.7,30291.27,30076.15,196.76460292
1609758000,30150.88,30517.03,30282.43,30292.0,137.05093087
1609757700,30129.92,30429.43,30284.88,30284.84,201.51135729
1609757400,29916.7,30426.87,30086.47,30284.88,256.79445399
1609757100,29704.72,30319.47,29712.21,30105.66,383.56520033
1609756800,29140.01,29734.72,29285.85,29724.47,242.53496713
1609756500,29210.89,29626.27,29302.86,29285.86,282.96012785
1609756200,28678.52,29336.13,28990.56,29330.08,491.5572715
1609755900,28811.0,29491.05,29285.8,28990.56,508.89188012
1609755600,28378.26,29441.72,29083.1,29254.88,871.32110798
1609755300,27678.0,29618.29,29618.29,29091.26,1388.32286978
1609755000,28650.0,30718.91,30718.91,29618.29,1075.65925671
1609754700,30654.42,30972.99,30964.11,30691.87,127.24790735
1609754400,30952.5,31198.7,30999.68,30973.85,189.9016181
1609754100,30784.82,31133.3,30850.0,30998.4,140.97358416
1609753800,30675.0,31214.58,31172.49,30855.01,257.54258945
1609753500,30515.32,31244.95,30899.99,31174.1,311.48809822
1609753200,30200.0,31045.51,30816.68,30912.71,639.10475987
1609752900,30705.0,31283.24,31042.47,30784.14,343.46992176
1609752600,30818.59,31522.05,31519.57,31065.99,383.46403136
1609752300,31433.23,31720.15,31685.15,31517.39,158.73773782
1609752000,31650.02,31879.18,31750.0,31694.0,100.15953738
1609751700,31530.04,31942.55,31682.68,31750.0,130.30598048
1609751400,31590.0,31968.61,31840.17,31682.69,205.92344669
1609751100,31800.0,32118.81,32081.06,31839.96,97.5686224
1609750800,31937.17,32122.32,32045.71,32083.38,86.77817826
1609750500,31822.68,32086.11,32009.93,32051.35,71.38429693
1609750200,31831.08,32061.96,31855.53,32007.27,89.96179191
1609749900,31400.0,31920.5,31750.02,31855.29,356.72410456
1609749600,31620.03,31969.19,31965.92,31750.02,183.07720373
1609749300,31912.0,32120.44,32119.56,31969.37,118.24155781
1609749000,32111.0,32319.48,32181.74,32121.88,80.53224168
1609748700,32111.3,32298.46,32210.36,32194.47,83.21416576
1609748400,32204.69,32429.11,32363.68,32220.67,91.29786866
1609748100,32350.0,32516.19,32459.98,32363.68,62.70031573
1609747800,32405.65,32599.01,32465.58,32460.0,107.42200114
1609747500,32354.34,32482.67,32408.08,32471.63,70.2247139
1609747200,32116.06,32435.25,32117.6,32411.26,144.6715166
1609746900,31900.21,32117.6,32059.78,32108.13,171.71211164
1609746600,31905.94,32259.5,32239.65,32059.79,125.36148579
1609746300,31979.16,32250.0,32059.98,32239.66,121.70972385
1609746000,32010.44,32337.41,32309.99,32059.94,110.74960197
1609745700,32035.16,32500.04,32500.03,32302.18,153.71774189
1609745400,32351.06,32619.42,32454.87,32500.03,153.07632461
1609745100,31700.0,32479.93,31927.83,32456.34,427.26170988
1609744800,31800.01,32750.57,32727.42,31927.83,1033.44123522
1609744500,32555.0,32998.55,32913.51,32725.45,325.50346547
1609744200,32875.0,33034.63,32965.03,32913.51,126.36706221
1609743900,32922.01,33187.69,33151.73,32965.04,102.20381098
1609743600,33120.69,33318.45,33275.19,33155.41,92.97102659
1609743300,33062.12,33330.67,33075.69,33277.83,98.49844324
1609743000,33036.79,33229.95,33157.7,33077.63,83.04934164
1609742700,33039.9,33164.98,33164.97,33157.7,85.31628357
1609742400,33138.19,33297.11,33255.28,33164.97,81.98362261
1609742100,33250.4,33363.13,33355.0,33258.63,174.78554163
1609741800,33291.2,33382.02,33359.33,33354.99,57.03611626
1609741500,33337.36,33517.31,33416.93,33339.01,128.48199539
1609741200,33264.52,33434.06,33307.28,33426.71,135.22350725
1609740900,33100.0,33307.28,33129.92,33300.4,77.8207396
1609740600,33076.29,33171.53,33076.3,33130.0,74.46631435
1609740300,32922.01,33123.78,32970.8,33076.29,95.11582456
1609740000,32899.01,33047.53,32899.01,32970.75,89.77758636
1609739700,32891.34,33084.94,33074.91,32903.87,125.33065025
1609739400,32978.0,33094.76,33039.11,33070.37,102.35914349
1609739100,33038.78,33183.31,33131.47,33039.11,48.61526925
1609738800,33081.53,33166.87,33122.03,33131.46,47.10904926
1609738500,33053.79,33192.92,33160.64,33117.06,127.31543149
1609738200,33125.27,33389.19,33327.91,33160.7,79.91947419
1609737900,33301.95,33399.03,33375.0,33319.92,60.865016
1609737600,33275.21,33382.81,33320.25,33374.99,49.30123045
1609737300,33253.01,33326.91,33257.09,33323.16,66.88755191
1609737000,33125.73,33268.77,33221.92,33257.09,77.80885832
1609736700,33151.13,33241.6,33216.45,33221.92,99.07670035
1609736400,33158.6,33381.55,33345.18,33205.17,78.13806302
1609736100,33294.42,33453.39,33447.66,33345.25,53.78393626
1609735800,33346.39,33447.72,33347.52,33443.35,36.89398875
1609735500,33270.73,33408.58,33334.98,33359.42,61.93975399
1609735200,33258.57,33366.8,33366.74,33334.41,66.98122959
1609734900,33321.36,33405.19,33376.68,33366.74,40.68676501
1609734600,33310.47,33445.39,33382.82,33376.71,56.32864487
1609734300,33333.95,33465.43,33409.52,33372.27,60.49052313
1609734000,33400.0,33496.72,33486.72,33409.51,52.44059799
1609733700,33460.04,33561.73,33528.84,33482.53,80.8314473
1609733400,33458.86,33586.87,33544.27,33529.5,71.98471019
1609733100,33458.25,33666.99,33641.99,33547.56,93.07438591
1609732800,33528.13,33652.36,33607.79,33649.26,265.46656385
1609732500,33319.31,33619.48,33332.4,33611.6,487.53946294
1609732200,33240.84,33364.43,33356.98,33332.41,52.73260044
1609731900,33323.8,33379.28,33323.81,33356.39,47.53663676
1609731600,33315.76,33398.35,33347.42,33325.09,52.60505699
1609731300,33306.71,33369.47,33365.89,33341.49,64.7438248
1609731000,33315.74,33390.6,33362.18,33370.7,78.5736395
1609730700,33360.96,33507.81,33502.52,33366.56,79.25477763
1609730400,33423.83,33529.33,33426.24,33497.82,77.4187167
1609730100,33405.08,33495.49,33438.2,33433.05,69.10910895
1609729800,33419.01,33497.68,33455.14,33438.2,88.42360751
1609729500,33437.91,33548.23,33547.72,33470.62,50.94770784
1609729200,33418.91,33550.0,33509.4,33546.16,57.14130407
1609728900,33466.39,33636.42,33580.0,33508.78,109.31733781
1609728600,33345.81,33579.99,33345.81,33579.99,203.3314769
1609728300,33199.99,33350.0,33200.0,33345.81,99.46650064
1609728000,33060.58,33200.0,33151.68,33200.0,50.04346156
1609727700,33020.01,33179.54,33057.26,33146.36,64.32437106
1609727400,33020.0,33149.6,33114.65,33050.52,64.49650297
1609727100,33064.23,33170.68,33143.86,33116.49,65.09513368
1609726800,33113.31,33180.39,33123.55,33143.86,66.90657544
1609726500,33110.48,33278.06,33251.37,33123.57,48.92097447
1609726200,33148.81,33330.37,33322.76,33251.37,67.93495882
1609725900,33255.52,33350.0,33338.46,33322.76,49.11920816
1609725600,33109.52,33344.74,33227.51,33344.74,92.3496721
1609725300,33163.31,33272.81,33263.63,33229.4,82.98450034
1609725000,33213.7,33346.33,33346.22,33264.18,118.92473229
1609724700,33128.99,33360.0,33128.99,33346.21,108.36054822
1609724400,33050.0,33192.44,33082.79,33128.98,141.90441831
1609724100,32859.16,33101.02,32859.16,33082.23,140.4739669
1609723800,32630.08,32874.86,32725.02,32859.16,145.15891294
1609723500,32665.36,32772.47,32731.96,32725.01,100.6387884
1609723200,32711.12,32850.92,32802.31,32735.02,108.6665657
1609722900,32782.99,32899.6,32820.01,32802.31,85.43757014
1609722600,32786.77,32938.79,32938.79,32819.9,91.10831876
1609722300,32854.81,32946.64,32887.56,32938.78,90.55933828
1609722000,32860.0,32998.0,32896.21,32885.35,91.3216479
1609721700,32777.45,32924.76,32840.84,32896.22,55.16130233
1609721400,32745.37,32887.21,32747.03,32833.85,51.76226835
1609721100,32670.46,32800.0,32672.6,32749.77,46.67627332
1609720800,32614.79,32750.0,32649.48,32672.6,84.27510557
1609720500,32453.37,32739.17,32553.75,32649.48,183.46465469
1609720200,32500.0,32800.0,32799.99,32557.45,622.36238503
1609719900,32792.64,33106.18,33104.76,32800.0,288.02553181
1609719600,33005.62,33198.71,33173.0,33106.86,204.97734572
1609719300,32807.98,33195.1,32809.74,33172.71,345.27525647
1609719000,32714.15,32966.64,32950.52,32815.71,282.49110714
1609718700,32876.66,33080.23,33020.21,32950.48,94.50875549
1609718400,32889.67,33141.71,33082.84,33013.62,234.3647599
